<?xml version="1.0" encoding="UTF-8"?>
<depth_maps version="1.5.0">
  <depth_map camera_id="8" level="0" path="0/d8.exr">
    <calibration type="frame">
      <resolution width="270" height="270"/>
      <f>752.184606859018</f>
      <cx>-3.70616856140444</cx>
      <cy>1.79972761615014</cy>
    </calibration>
  </depth_map>
  <depth_map camera_id="8" level="1" path="1/d8.exr">
    <calibration type="frame">
      <resolution width="135" height="135"/>
      <f>376.092303429509</f>
      <cx>-1.85308428070222</cx>
      <cy>0.899863808075068</cy>
    </calibration>
  </depth_map>
  <depth_map camera_id="23" level="0" path="0/d23.exr">
    <calibration type="frame">
      <resolution width="270" height="270"/>
      <f>752.184606859018</f>
      <cx>-3.70616856140444</cx>
      <cy>1.79972761615014</cy>
    </calibration>
  </depth_map>
  <depth_map camera_id="23" level="1" path="1/d23.exr">
    <calibration type="frame">
      <resolution width="135" height="135"/>
      <f>376.092303429509</f>
      <cx>-1.85308428070222</cx>
      <cy>0.899863808075068</cy>
    </calibration>
  </depth_map>
  <depth_map camera_id="23" level="2" path="2/d23.exr">
    <calibration type="frame">
      <resolution width="67" height="67"/>
      <f>188.046151714755</f>
      <cx>-0.67654214035111</cx>
      <cy>0.699931904037534</cy>
    </calibration>
  </depth_map>
  <depth_map camera_id="26" level="0" path="0/d26.exr">
    <calibration type="frame">
      <resolution width="270" height="270"/>
      <f>752.184606859018</f>
      <cx>-3.70616856140444</cx>
      <cy>1.79972761615014</cy>
    </calibration>
  </depth_map>
  <depth_map camera_id="26" level="1" path="1/d26.exr">
    <calibration type="frame">
      <resolution width="135" height="135"/>
      <f>376.092303429509</f>
      <cx>-1.85308428070222</cx>
      <cy>0.899863808075068</cy>
    </calibration>
  </depth_map>
  <depth_map camera_id="31" level="0" path="0/d31.exr">
    <calibration type="frame">
      <resolution width="270" height="270"/>
      <f>752.184606859018</f>
      <cx>-3.70616856140444</cx>
      <cy>1.79972761615014</cy>
    </calibration>
  </depth_map>
  <depth_map camera_id="33" level="0" path="0/d33.exr">
    <calibration type="frame">
      <resolution width="270" height="180"/>
      <f>628.643506485836</f>
      <cx>-1.64357685879642</cx>
      <cy>1.12425811230776</cy>
    </calibration>
  </depth_map>
  <depth_map camera_id="33" level="1" path="1/d33.exr">
    <calibration type="frame">
      <resolution width="135" height="90"/>
      <f>314.321753242918</f>
      <cx>-0.821788429398211</cx>
      <cy>0.562129056153879</cy>
    </calibration>
  </depth_map>
  <depth_map camera_id="36" level="0" path="0/d36.exr">
    <calibration type="frame">
      <resolution width="270" height="337"/>
      <f>458.431178005304</f>
      <cx>0.256285301546143</cx>
      <cy>-0.10296283978235</cy>
    </calibration>
  </depth_map>
  <depth_map camera_id="36" level="1" path="1/d36.exr">
    <calibration type="frame">
      <resolution width="135" height="168"/>
      <f>229.215589002652</f>
      <cx>0.128142650773071</cx>
      <cy>0.198518580108825</cy>
    </calibration>
  </depth_map>
  <depth_map camera_id="36" level="2" path="2/d36.exr">
    <calibration type="frame">
      <resolution width="67" height="84"/>
      <f>114.607794501326</f>
      <cx>0.314071325386536</cx>
      <cy>0.0992592900544125</cy>
    </calibration>
  </depth_map>
  <depth_map camera_id="38" level="0" path="0/d38.exr">
    <calibration type="frame">
      <resolution width="270" height="337"/>
      <f>458.431178005304</f>
      <cx>0.256285301546143</cx>
      <cy>-0.10296283978235</cy>
    </calibration>
  </depth_map>
  <depth_map camera_id="40" level="0" path="0/d40.exr">
    <calibration type="frame">
      <resolution width="270" height="178"/>
      <f>254.237494442747</f>
      <cx>2.61176143789012</cx>
      <cy>2.89402668159467</cy>
    </calibration>
  </depth_map>
  <depth_map camera_id="42" level="0" path="0/d42.exr">
    <calibration type="frame">
      <resolution width="270" height="270"/>
      <f>752.184606859018</f>
      <cx>-3.70616856140444</cx>
      <cy>1.79972761615014</cy>
    </calibration>
  </depth_map>
  <depth_map camera_id="45" level="0" path="0/d45.exr">
    <calibration type="frame">
      <resolution width="270" height="270"/>
      <f>752.184606859018</f>
      <cx>-3.70616856140444</cx>
      <cy>1.79972761615014</cy>
    </calibration>
  </depth_map>
  <depth_map camera_id="47" level="0" path="0/d47.exr">
    <calibration type="frame">
      <resolution width="270" height="270"/>
      <f>752.184606859018</f>
      <cx>-3.70616856140444</cx>
      <cy>1.79972761615014</cy>
    </calibration>
  </depth_map>
  <depth_map camera_id="47" level="1" path="1/d47.exr">
    <calibration type="frame">
      <resolution width="135" height="135"/>
      <f>376.092303429509</f>
      <cx>-1.85308428070222</cx>
      <cy>0.899863808075068</cy>
    </calibration>
  </depth_map>
  <depth_map camera_id="50" level="0" path="0/d50.exr">
    <calibration type="frame">
      <resolution width="270" height="270"/>
      <f>752.184606859018</f>
      <cx>-3.70616856140444</cx>
      <cy>1.79972761615014</cy>
    </calibration>
  </depth_map>
  <depth_map camera_id="51" level="0" path="0/d51.exr">
    <calibration type="frame">
      <resolution width="270" height="270"/>
      <f>752.184606859018</f>
      <cx>-3.70616856140444</cx>
      <cy>1.79972761615014</cy>
    </calibration>
  </depth_map>
  <depth_map camera_id="52" level="0" path="0/d52.exr">
    <calibration type="frame">
      <resolution width="270" height="209"/>
      <f>645.928836121959</f>
      <cx>22.0163109468538</cx>
      <cy>4.92449371597975</cy>
    </calibration>
  </depth_map>
  <depth_map camera_id="53" level="0" path="0/d53.exr">
    <calibration type="frame">
      <resolution width="270" height="268"/>
      <f>339.534732765097</f>
      <cx>-3.34789503507244</cx>
      <cy>10.2859883456393</cy>
    </calibration>
  </depth_map>
  <depth_map camera_id="53" level="1" path="1/d53.exr">
    <calibration type="frame">
      <resolution width="135" height="134"/>
      <f>169.767366382548</f>
      <cx>-1.67394751753622</cx>
      <cy>5.14299417281963</cy>
    </calibration>
  </depth_map>
  <depth_map camera_id="61" level="0" path="0/d61.exr">
    <calibration type="frame">
      <resolution width="270" height="202"/>
      <f>478.716210724119</f>
      <cx>-5.20687255650304</cx>
      <cy>1.36152262974288</cy>
    </calibration>
  </depth_map>
  <depth_map camera_id="61" level="1" path="1/d61.exr">
    <calibration type="frame">
      <resolution width="135" height="101"/>
      <f>239.35810536206</f>
      <cx>-2.60343627825152</cx>
      <cy>0.68076131487144</cy>
    </calibration>
  </depth_map>
  <depth_map camera_id="62" level="0" path="0/d62.exr">
    <calibration type="frame">
      <resolution width="270" height="180"/>
      <f>617.741306393247</f>
      <cx>-7.97898563745649</cx>
      <cy>10.8407117320958</cy>
    </calibration>
  </depth_map>
  <depth_map camera_id="62" level="1" path="1/d62.exr">
    <calibration type="frame">
      <resolution width="135" height="90"/>
      <f>308.870653196623</f>
      <cx>-3.98949281872824</cx>
      <cy>5.42035586604788</cy>
    </calibration>
  </depth_map>
  <depth_map camera_id="62" level="2" path="2/d62.exr">
    <calibration type="frame">
      <resolution width="67" height="45"/>
      <f>154.435326598312</f>
      <cx>-1.74474640936412</cx>
      <cy>2.71017793302394</cy>
    </calibration>
  </depth_map>
  <depth_map camera_id="63" level="0" path="0/d63.exr">
    <calibration type="frame">
      <resolution width="270" height="303"/>
      <f>616.6183852514</f>
      <cx>7.62803949762866</cx>
      <cy>-28.6069608731667</cy>
    </calibration>
  </depth_map>
  <depth_map camera_id="64" level="0" path="0/d64.exr">
    <calibration type="frame">
      <resolution width="270" height="331"/>
      <f>495.673477655247</f>
      <cx>-19.1611484280801</cx>
      <cy>6.24391385240349</cy>
    </calibration>
  </depth_map>
  <depth_map camera_id="64" level="1" path="1/d64.exr">
    <calibration type="frame">
      <resolution width="135" height="165"/>
      <f>247.836738827624</f>
      <cx>-9.58057421404006</cx>
      <cy>3.37195692620175</cy>
    </calibration>
  </depth_map>
  <depth_map camera_id="64" level="2" path="2/d64.exr">
    <calibration type="frame">
      <resolution width="67" height="82"/>
      <f>123.918369413812</f>
      <cx>-4.54028710702003</cx>
      <cy>1.93597846310087</cy>
    </calibration>
  </depth_map>
</depth_maps>
