<?xml version="1.0" encoding="UTF-8"?>
<point_cloud version="1.2.0">
  <params>
    <dataType>uint8</dataType>
    <bands>
      <band label="Red"/>
      <band label="Green"/>
      <band label="Blue"/>
    </bands>
  </params>
  <tracks path="tracks.ply" count="3393"/>
  <points path="points.ply" count="1340"/>
  <projections camera_id="0" path="p0.ply" count="11"/>
  <projections camera_id="1" path="p1.ply" count="20"/>
  <projections camera_id="2" path="p2.ply" count="42"/>
  <projections camera_id="3" path="p3.ply" count="191"/>
  <projections camera_id="4" path="p4.ply" count="37"/>
  <projections camera_id="5" path="p5.ply" count="11"/>
  <projections camera_id="6" path="p6.ply" count="42"/>
  <projections camera_id="7" path="p7.ply" count="10"/>
  <projections camera_id="8" path="p8.ply" count="535"/>
  <projections camera_id="9" path="p9.ply" count="12"/>
  <projections camera_id="10" path="p10.ply" count="109"/>
  <projections camera_id="12" path="p12.ply" count="19"/>
  <projections camera_id="15" path="p15.ply" count="31"/>
  <projections camera_id="16" path="p16.ply" count="99"/>
  <projections camera_id="17" path="p17.ply" count="81"/>
  <projections camera_id="19" path="p19.ply" count="8"/>
  <projections camera_id="20" path="p20.ply" count="174"/>
  <projections camera_id="21" path="p21.ply" count="149"/>
  <projections camera_id="22" path="p22.ply" count="19"/>
  <projections camera_id="23" path="p23.ply" count="340"/>
  <projections camera_id="24" path="p24.ply" count="45"/>
  <projections camera_id="25" path="p25.ply" count="10"/>
  <projections camera_id="26" path="p26.ply" count="317"/>
  <projections camera_id="27" path="p27.ply" count="10"/>
  <projections camera_id="30" path="p30.ply" count="199"/>
  <projections camera_id="31" path="p31.ply" count="185"/>
  <projections camera_id="33" path="p33.ply" count="389"/>
  <projections camera_id="34" path="p34.ply" count="88"/>
  <projections camera_id="35" path="p35.ply" count="10"/>
  <projections camera_id="36" path="p36.ply" count="403"/>
  <projections camera_id="38" path="p38.ply" count="178"/>
  <projections camera_id="39" path="p39.ply" count="140"/>
  <projections camera_id="40" path="p40.ply" count="144"/>
  <projections camera_id="41" path="p41.ply" count="30"/>
  <projections camera_id="42" path="p42.ply" count="190"/>
  <projections camera_id="43" path="p43.ply" count="10"/>
  <projections camera_id="45" path="p45.ply" count="234"/>
  <projections camera_id="46" path="p46.ply" count="35"/>
  <projections camera_id="47" path="p47.ply" count="189"/>
  <projections camera_id="48" path="p48.ply" count="161"/>
  <projections camera_id="49" path="p49.ply" count="168"/>
  <projections camera_id="50" path="p50.ply" count="1203"/>
  <projections camera_id="51" path="p51.ply" count="1203"/>
  <projections camera_id="52" path="p52.ply" count="217"/>
  <projections camera_id="53" path="p53.ply" count="229"/>
  <projections camera_id="54" path="p54.ply" count="20"/>
  <projections camera_id="55" path="p55.ply" count="155"/>
  <projections camera_id="56" path="p56.ply" count="10"/>
  <projections camera_id="57" path="p57.ply" count="11"/>
  <projections camera_id="58" path="p58.ply" count="18"/>
  <projections camera_id="59" path="p59.ply" count="142"/>
  <projections camera_id="60" path="p60.ply" count="19"/>
  <projections camera_id="61" path="p61.ply" count="158"/>
  <projections camera_id="62" path="p62.ply" count="635"/>
  <projections camera_id="63" path="p63.ply" count="239"/>
  <projections camera_id="64" path="p64.ply" count="414"/>
  <projections camera_id="65" path="p65.ply" count="153"/>
  <projections camera_id="66" path="p66.ply" count="21"/>
  <projections camera_id="67" path="p67.ply" count="8"/>
  <projections camera_id="68" path="p68.ply" count="116"/>
  <meta>
    <property name="Info/LastSavedDateTime" value="2019:10:14 18:42:47"/>
    <property name="Info/LastSavedSoftwareVersion" value="1.5.5.9097"/>
    <property name="Info/OriginalDateTime" value="2019:10:14 10:24:59"/>
    <property name="Info/OriginalSoftwareVersion" value="1.5.5.9097"/>
    <property name="MatchPhotos/cameras" value=""/>
    <property name="MatchPhotos/downscale" value="2"/>
    <property name="MatchPhotos/duration" value="72.420612"/>
    <property name="MatchPhotos/keypoint_limit" value="40000"/>
    <property name="MatchPhotos/max_workgroup_size" value="100"/>
    <property name="MatchPhotos/network_distribute" value="true"/>
    <property name="MatchPhotos/pairs" value=""/>
    <property name="MatchPhotos/preselection_generic" value="true"/>
    <property name="MatchPhotos/reset_matches" value="false"/>
    <property name="MatchPhotos/store_keypoints" value="false"/>
    <property name="MatchPhotos/tiepoint_limit" value="4000"/>
    <property name="MatchPhotos/workitem_size_cameras" value="20"/>
    <property name="MatchPhotos/workitem_size_pairs" value="80"/>
  </meta>
</point_cloud>
