<?xml version="1.0" encoding="UTF-8"?>
<model version="1.2.0">
  <mesh path="mesh.ply">
    <faceCount>4858</faceCount>
    <vertexCount>2570</vertexCount>
    <hasVertexColors>true</hasVertexColors>
    <hasUV>true</hasUV>
  </mesh>
  <texture path="texture.png"/>
  <params>
    <dataType>uint8</dataType>
    <bands>
      <band label="Red"/>
      <band label="Green"/>
      <band label="Blue"/>
    </bands>
    <color>#ff8080b0</color>
  </params>
  <meta>
    <property name="BuildDepthMaps/cameras" value=""/>
    <property name="BuildDepthMaps/downscale" value="4"/>
    <property name="BuildDepthMaps/duration" value="4.326725"/>
    <property name="BuildDepthMaps/filter_mode" value="0"/>
    <property name="BuildDepthMaps/max_neighbors" value="-1"/>
    <property name="BuildDepthMaps/max_workgroup_size" value="100"/>
    <property name="BuildDepthMaps/network_distribute" value="true"/>
    <property name="BuildDepthMaps/reuse_depth" value="false"/>
    <property name="BuildDepthMaps/workitem_size_cameras" value="20"/>
    <property name="BuildModel/cameras" value=""/>
    <property name="BuildModel/classes" value=""/>
    <property name="BuildModel/duration" value="43.907996"/>
    <property name="BuildModel/face_count" value="2"/>
    <property name="BuildModel/face_count_custom" value="200000"/>
    <property name="BuildModel/interpolation" value="1"/>
    <property name="BuildModel/resolution" value="0.000953824976224921"/>
    <property name="BuildModel/source_data" value="6"/>
    <property name="BuildModel/store_depth" value="true"/>
    <property name="BuildModel/surface_type" value="0"/>
    <property name="BuildModel/trimming_radius" value="10"/>
    <property name="BuildModel/vertex_colors" value="true"/>
    <property name="BuildModel/volumetric_masks" value="false"/>
    <property name="BuildTexture/blending_mode" value="2"/>
    <property name="BuildTexture/cameras" value=""/>
    <property name="BuildTexture/duration" value="13.992206"/>
    <property name="BuildTexture/fill_holes" value="false"/>
    <property name="BuildTexture/ghosting_filter" value="true"/>
    <property name="BuildTexture/texture_size" value="4500"/>
    <property name="BuildUV/camera" value="4294967295"/>
    <property name="BuildUV/duration" value="18.194589"/>
    <property name="BuildUV/mapping_mode" value="6"/>
    <property name="BuildUV/texture_count" value="1"/>
    <property name="Info/OriginalDateTime" value="2019:10:14 10:25:53"/>
    <property name="Info/OriginalSoftwareVersion" value="1.5.5.9097"/>
  </meta>
</model>
