<?xml version="1.0" encoding="UTF-8"?>
<frame version="1.2.0">
  <cameras>
    <camera camera_id="0">
      <photo path="../../../downloaded/downloaded56525098_1511672952302013_5744761572628797698_n.jpg">
        <meta>
          <property name="File/ImageHeight" value="800"/>
          <property name="File/ImageWidth" value="800"/>
          <property name="System/FileModifyDate" value="2019:10:09 10:37:03"/>
          <property name="System/FileSize" value="150871"/>
        </meta>
      </photo>
    </camera>
    <camera camera_id="1">
      <photo path="../../../downloaded/downloaded69277172_519414131959427_9011554303051977876_n.jpg">
        <meta>
          <property name="File/ImageHeight" value="1225"/>
          <property name="File/ImageWidth" value="980"/>
          <property name="System/FileModifyDate" value="2019:10:09 10:45:55"/>
          <property name="System/FileSize" value="233189"/>
        </meta>
      </photo>
    </camera>
    <camera camera_id="2">
      <photo path="../../../downloaded/downloaded69283686_1146501222205987_4888442819403849265_n.jpg">
        <meta>
          <property name="File/ImageHeight" value="1350"/>
          <property name="File/ImageWidth" value="1080"/>
          <property name="System/FileModifyDate" value="2019:10:14 12:06:34"/>
          <property name="System/FileSize" value="508694"/>
        </meta>
      </photo>
    </camera>
    <camera camera_id="3">
      <photo path="../../../downloaded/downloaded69603453_498099961011038_2829937469584252305_n.jpg">
        <meta>
          <property name="File/ImageHeight" value="1350"/>
          <property name="File/ImageWidth" value="1080"/>
          <property name="System/FileModifyDate" value="2019:10:09 10:45:55"/>
          <property name="System/FileSize" value="260327"/>
        </meta>
      </photo>
    </camera>
    <camera camera_id="4">
      <photo path="../../../downloaded/downloaded69748869_134300437960096_5560471201252120271_n.jpg">
        <meta>
          <property name="File/ImageHeight" value="1350"/>
          <property name="File/ImageWidth" value="1080"/>
          <property name="System/FileModifyDate" value="2019:10:09 10:49:29"/>
          <property name="System/FileSize" value="148473"/>
        </meta>
      </photo>
    </camera>
    <camera camera_id="5">
      <photo path="../../../downloaded/downloaded69781744_520182442146176_8244035851124497260_n.jpg">
        <meta>
          <property name="File/ImageHeight" value="1080"/>
          <property name="File/ImageWidth" value="1080"/>
          <property name="System/FileModifyDate" value="2019:10:09 10:49:29"/>
          <property name="System/FileSize" value="116376"/>
        </meta>
      </photo>
    </camera>
    <camera camera_id="6">
      <photo path="../../../downloaded/downloaded69961870_493585931481293_6079782916951602166_n.jpg">
        <meta>
          <property name="File/ImageHeight" value="1346"/>
          <property name="File/ImageWidth" value="1080"/>
          <property name="System/FileModifyDate" value="2019:10:09 10:45:55"/>
          <property name="System/FileSize" value="352370"/>
        </meta>
      </photo>
    </camera>
    <camera camera_id="7">
      <photo path="../../../downloaded/downloaded70121809_2544403702446585_5731573986960228771_n.jpg">
        <meta>
          <property name="File/ImageHeight" value="1080"/>
          <property name="File/ImageWidth" value="1080"/>
          <property name="System/FileModifyDate" value="2019:10:09 10:42:42"/>
          <property name="System/FileSize" value="115123"/>
        </meta>
      </photo>
    </camera>
    <camera camera_id="8">
      <photo path="../../../downloaded/downloaded70151251_509018339888846_9083109365636650446_n.jpg">
        <meta>
          <property name="File/ImageHeight" value="1080"/>
          <property name="File/ImageWidth" value="1080"/>
          <property name="System/FileModifyDate" value="2019:10:09 10:45:55"/>
          <property name="System/FileSize" value="261125"/>
        </meta>
      </photo>
    </camera>
    <camera camera_id="9">
      <photo path="../../../downloaded/downloaded70195275_667582270397382_1707369007100741051_n.jpg">
        <meta>
          <property name="File/ImageHeight" value="1080"/>
          <property name="File/ImageWidth" value="1080"/>
          <property name="System/FileModifyDate" value="2019:10:09 10:37:03"/>
          <property name="System/FileSize" value="265442"/>
        </meta>
      </photo>
    </camera>
    <camera camera_id="10">
      <photo path="../../../downloaded/downloaded70266846_153749125828054_5872640310912620647_n.jpg">
        <meta>
          <property name="File/ImageHeight" value="1080"/>
          <property name="File/ImageWidth" value="1080"/>
          <property name="System/FileModifyDate" value="2019:10:09 10:49:29"/>
          <property name="System/FileSize" value="186016"/>
        </meta>
      </photo>
    </camera>
    <camera camera_id="11">
      <photo path="../../../downloaded/downloaded70314260_394623091215802_3235850122814464870_n.jpg">
        <meta>
          <property name="File/ImageHeight" value="1079"/>
          <property name="File/ImageWidth" value="1080"/>
          <property name="System/FileModifyDate" value="2019:10:09 10:49:29"/>
          <property name="System/FileSize" value="108399"/>
        </meta>
      </photo>
    </camera>
    <camera camera_id="12">
      <photo path="../../../downloaded/downloaded70372457_797670700681368_9103906200246140431_n.jpg">
        <meta>
          <property name="File/ImageHeight" value="1219"/>
          <property name="File/ImageWidth" value="1080"/>
          <property name="System/FileModifyDate" value="2019:10:09 10:37:03"/>
          <property name="System/FileSize" value="302991"/>
        </meta>
      </photo>
    </camera>
    <camera camera_id="13">
      <photo path="../../../downloaded/downloaded70444601_402845793764994_1917300337349480652_n.jpg">
        <meta>
          <property name="File/ImageHeight" value="1145"/>
          <property name="File/ImageWidth" value="1080"/>
          <property name="System/FileModifyDate" value="2019:10:09 10:49:30"/>
          <property name="System/FileSize" value="331721"/>
        </meta>
      </photo>
    </camera>
    <camera camera_id="14">
      <photo path="../../../downloaded/downloaded70473691_2716517868378739_1140858787961340770_n.jpg">
        <meta>
          <property name="File/ImageHeight" value="1080"/>
          <property name="File/ImageWidth" value="1080"/>
          <property name="System/FileModifyDate" value="2019:10:09 10:42:43"/>
          <property name="System/FileSize" value="418292"/>
        </meta>
      </photo>
    </camera>
    <camera camera_id="15">
      <photo path="../../../downloaded/downloaded70488020_2456062487795480_7549373908826596088_n.jpg">
        <meta>
          <property name="File/ImageHeight" value="1081"/>
          <property name="File/ImageWidth" value="1080"/>
          <property name="System/FileModifyDate" value="2019:10:14 12:06:34"/>
          <property name="System/FileSize" value="149142"/>
        </meta>
      </photo>
    </camera>
    <camera camera_id="16">
      <photo path="../../../downloaded/downloaded70499568_141797643756172_7842317698018922409_n.jpg">
        <meta>
          <property name="File/ImageHeight" value="810"/>
          <property name="File/ImageWidth" value="1080"/>
          <property name="System/FileModifyDate" value="2019:10:09 10:49:29"/>
          <property name="System/FileSize" value="132613"/>
        </meta>
      </photo>
    </camera>
    <camera camera_id="17">
      <photo path="../../../downloaded/downloaded70501560_137845420835235_3613513406217002245_n copy.jpg">
        <meta>
          <property name="File/ImageHeight" value="909"/>
          <property name="File/ImageWidth" value="1080"/>
          <property name="System/FileModifyDate" value="2019:10:09 10:45:55"/>
          <property name="System/FileSize" value="192026"/>
        </meta>
      </photo>
    </camera>
    <camera camera_id="18">
      <photo path="../../../downloaded/downloaded70506189_492032094684355_3253550194336252427_n.jpg">
        <meta>
          <property name="File/ImageHeight" value="1080"/>
          <property name="File/ImageWidth" value="1080"/>
          <property name="System/FileModifyDate" value="2019:10:14 12:06:34"/>
          <property name="System/FileSize" value="160466"/>
        </meta>
      </photo>
    </camera>
    <camera camera_id="19">
      <photo path="../../../downloaded/downloaded70539542_239916190328144_7119266917402863224_n.jpg">
        <meta>
          <property name="File/ImageHeight" value="1080"/>
          <property name="File/ImageWidth" value="1080"/>
          <property name="System/FileModifyDate" value="2019:10:14 12:06:34"/>
          <property name="System/FileSize" value="139893"/>
        </meta>
      </photo>
    </camera>
    <camera camera_id="20">
      <photo path="../../../downloaded/downloaded70577347_969562036721438_5422658229559419897_n.jpg">
        <meta>
          <property name="File/ImageHeight" value="607"/>
          <property name="File/ImageWidth" value="1080"/>
          <property name="System/FileModifyDate" value="2019:10:09 10:45:55"/>
          <property name="System/FileSize" value="78337"/>
        </meta>
      </photo>
    </camera>
    <camera camera_id="21">
      <photo path="../../../downloaded/downloaded70584654_196779471337934_6099325420004390684_n.jpg">
        <meta>
          <property name="File/ImageHeight" value="1281"/>
          <property name="File/ImageWidth" value="1080"/>
          <property name="System/FileModifyDate" value="2019:10:09 10:45:55"/>
          <property name="System/FileSize" value="191176"/>
        </meta>
      </photo>
    </camera>
    <camera camera_id="22">
      <photo path="../../../downloaded/downloaded70597904_452925125577624_2140211824178134212_n.jpg">
        <meta>
          <property name="File/ImageHeight" value="956"/>
          <property name="File/ImageWidth" value="1080"/>
          <property name="System/FileModifyDate" value="2019:10:09 10:42:42"/>
          <property name="System/FileSize" value="121434"/>
        </meta>
      </photo>
    </camera>
    <camera camera_id="23">
      <photo path="../../../downloaded/downloaded70605366_257419215216072_1720994593590033061_n.jpg">
        <meta>
          <property name="File/ImageHeight" value="1080"/>
          <property name="File/ImageWidth" value="1080"/>
          <property name="System/FileModifyDate" value="2019:10:09 10:45:55"/>
          <property name="System/FileSize" value="182559"/>
        </meta>
      </photo>
    </camera>
    <camera camera_id="24">
      <photo path="../../../downloaded/downloaded70635682_470412420484818_7439153300479911889_n.jpg">
        <meta>
          <property name="File/ImageHeight" value="1080"/>
          <property name="File/ImageWidth" value="1080"/>
          <property name="System/FileModifyDate" value="2019:10:14 12:06:34"/>
          <property name="System/FileSize" value="236468"/>
        </meta>
      </photo>
    </camera>
    <camera camera_id="25">
      <photo path="../../../downloaded/downloaded70675672_134315791234828_6031166822912330263_n.jpg">
        <meta>
          <property name="File/ImageHeight" value="810"/>
          <property name="File/ImageWidth" value="1080"/>
          <property name="System/FileModifyDate" value="2019:10:14 12:06:34"/>
          <property name="System/FileSize" value="81415"/>
        </meta>
      </photo>
    </camera>
    <camera camera_id="26">
      <photo path="../../../downloaded/downloaded70780090_541421949943435_2033918220999222055_n.jpg">
        <meta>
          <property name="File/ImageHeight" value="1080"/>
          <property name="File/ImageWidth" value="1080"/>
          <property name="System/FileModifyDate" value="2019:10:14 12:06:34"/>
          <property name="System/FileSize" value="229314"/>
        </meta>
      </photo>
    </camera>
    <camera camera_id="27">
      <photo path="../../../downloaded/downloaded70783456_535559637017025_7045802967289063488_n.jpg">
        <meta>
          <property name="File/ImageHeight" value="1080"/>
          <property name="File/ImageWidth" value="1080"/>
          <property name="System/FileModifyDate" value="2019:10:14 12:06:34"/>
          <property name="System/FileSize" value="321751"/>
        </meta>
      </photo>
    </camera>
    <camera camera_id="28">
      <photo path="../../../downloaded/downloaded70807344_138137804207663_7220562469908157056_n.jpg">
        <meta>
          <property name="File/ImageHeight" value="1089"/>
          <property name="File/ImageWidth" value="1080"/>
          <property name="System/FileModifyDate" value="2019:10:14 12:06:34"/>
          <property name="System/FileSize" value="94194"/>
        </meta>
      </photo>
    </camera>
    <camera camera_id="29">
      <photo path="../../../downloaded/downloaded70807627_138064477518151_3691870389683855246_n.jpg">
        <meta>
          <property name="File/ImageHeight" value="322"/>
          <property name="File/ImageWidth" value="491"/>
          <property name="System/FileModifyDate" value="2019:10:14 12:06:33"/>
          <property name="System/FileSize" value="51279"/>
        </meta>
      </photo>
    </camera>
    <camera camera_id="30">
      <photo path="../../../downloaded/downloaded70836010_385262969052197_5983220541128669723_n.jpg">
        <meta>
          <property name="File/ImageHeight" value="1350"/>
          <property name="File/ImageWidth" value="1080"/>
          <property name="System/FileModifyDate" value="2019:10:09 10:45:55"/>
          <property name="System/FileSize" value="167326"/>
        </meta>
      </photo>
    </camera>
    <camera camera_id="31">
      <photo path="../../../downloaded/downloaded70889325_170774904049607_3557767617708707705_n.jpg">
        <meta>
          <property name="File/ImageHeight" value="1080"/>
          <property name="File/ImageWidth" value="1080"/>
          <property name="System/FileModifyDate" value="2019:10:09 10:49:29"/>
          <property name="System/FileSize" value="178026"/>
        </meta>
      </photo>
    </camera>
    <camera camera_id="32">
      <photo path="../../../downloaded/downloaded70890335_393570171248201_543648559529604907_n.jpg">
        <meta>
          <property name="File/ImageHeight" value="1213"/>
          <property name="File/ImageWidth" value="1080"/>
          <property name="System/FileModifyDate" value="2019:10:09 10:37:03"/>
          <property name="System/FileSize" value="191052"/>
        </meta>
      </photo>
    </camera>
    <camera camera_id="33">
      <photo path="../../../downloaded/downloaded70891286_167457884405369_995250130739345735_n.jpg">
        <meta>
          <property name="File/ImageHeight" value="721"/>
          <property name="File/ImageWidth" value="1080"/>
          <property name="System/FileModifyDate" value="2019:10:09 10:45:55"/>
          <property name="System/FileSize" value="138667"/>
        </meta>
      </photo>
    </camera>
    <camera camera_id="34">
      <photo path="../../../downloaded/downloaded70975176_137431390978996_5287597089808414120_n.jpg">
        <meta>
          <property name="File/ImageHeight" value="1079"/>
          <property name="File/ImageWidth" value="1080"/>
          <property name="System/FileModifyDate" value="2019:10:14 12:06:33"/>
          <property name="System/FileSize" value="31121"/>
        </meta>
      </photo>
    </camera>
    <camera camera_id="35">
      <photo path="../../../downloaded/downloaded71010246_397150670967452_2847058330004051554_n.jpg">
        <meta>
          <property name="File/ImageHeight" value="570"/>
          <property name="File/ImageWidth" value="570"/>
          <property name="System/FileModifyDate" value="2019:10:09 10:37:02"/>
          <property name="System/FileSize" value="51258"/>
        </meta>
      </photo>
    </camera>
    <camera camera_id="36">
      <photo path="../../../downloaded/downloaded71022222_134255584590362_3346832391029462221_n.jpg">
        <meta>
          <property name="File/ImageHeight" value="1350"/>
          <property name="File/ImageWidth" value="1080"/>
          <property name="System/FileModifyDate" value="2019:10:09 10:45:55"/>
          <property name="System/FileSize" value="355263"/>
        </meta>
      </photo>
    </camera>
    <camera camera_id="37">
      <photo path="../../../downloaded/downloaded71039365_127999214852273_711481600138867687_n.jpg">
        <meta>
          <property name="File/ImageHeight" value="1080"/>
          <property name="File/ImageWidth" value="1080"/>
          <property name="System/FileModifyDate" value="2019:10:09 10:49:29"/>
          <property name="System/FileSize" value="163429"/>
        </meta>
      </photo>
    </camera>
    <camera camera_id="38">
      <photo path="../../../downloaded/downloaded71140590_104387744233364_2421946033820413020_n.jpg">
        <meta>
          <property name="File/ImageHeight" value="1350"/>
          <property name="File/ImageWidth" value="1080"/>
          <property name="System/FileModifyDate" value="2019:10:14 12:06:34"/>
          <property name="System/FileSize" value="117739"/>
        </meta>
      </photo>
    </camera>
    <camera camera_id="39">
      <photo path="../../../downloaded/downloaded71150789_491487921693316_3381421343788564395_n.jpg">
        <meta>
          <property name="File/ImageHeight" value="810"/>
          <property name="File/ImageWidth" value="1080"/>
          <property name="System/FileModifyDate" value="2019:10:09 10:45:55"/>
          <property name="System/FileSize" value="197603"/>
        </meta>
      </photo>
    </camera>
    <camera camera_id="40">
      <photo path="../../../downloaded/downloaded71150790_2455302607901315_5309581090981003726_n.jpg">
        <meta>
          <property name="File/ImageHeight" value="715"/>
          <property name="File/ImageWidth" value="1080"/>
          <property name="System/FileModifyDate" value="2019:10:09 10:42:42"/>
          <property name="System/FileSize" value="143383"/>
        </meta>
      </photo>
    </camera>
    <camera camera_id="41">
      <photo path="../../../downloaded/downloaded71176431_490802051502806_5100017944187654381_n.jpg">
        <meta>
          <property name="File/ImageHeight" value="1080"/>
          <property name="File/ImageWidth" value="1080"/>
          <property name="System/FileModifyDate" value="2019:10:09 10:37:03"/>
          <property name="System/FileSize" value="163390"/>
        </meta>
      </photo>
    </camera>
    <camera camera_id="42">
      <photo path="../../../downloaded/downloaded71194004_141748237178061_5677418720757396702_n.jpg">
        <meta>
          <property name="File/ImageHeight" value="1080"/>
          <property name="File/ImageWidth" value="1080"/>
          <property name="System/FileModifyDate" value="2019:10:09 10:45:55"/>
          <property name="System/FileSize" value="211120"/>
        </meta>
      </photo>
    </camera>
    <camera camera_id="43">
      <photo path="../../../downloaded/downloaded71195340_449274989029227_7514800801721034500_n.jpg">
        <meta>
          <property name="File/ImageHeight" value="1079"/>
          <property name="File/ImageWidth" value="1080"/>
          <property name="System/FileModifyDate" value="2019:10:09 10:45:55"/>
          <property name="System/FileSize" value="171534"/>
        </meta>
      </photo>
    </camera>
    <camera camera_id="44">
      <photo path="../../../downloaded/downloaded71233373_630962087311801_4929345405117043697_n.jpg">
        <meta>
          <property name="File/ImageHeight" value="1080"/>
          <property name="File/ImageWidth" value="1080"/>
          <property name="System/FileModifyDate" value="2019:10:09 10:49:29"/>
          <property name="System/FileSize" value="241782"/>
        </meta>
      </photo>
    </camera>
    <camera camera_id="45">
      <photo path="../../../downloaded/downloaded71258438_173334023847970_3539204442416428954_n.jpg">
        <meta>
          <property name="File/ImageHeight" value="1080"/>
          <property name="File/ImageWidth" value="1080"/>
          <property name="System/FileModifyDate" value="2019:10:14 12:06:34"/>
          <property name="System/FileSize" value="207037"/>
        </meta>
      </photo>
    </camera>
    <camera camera_id="46">
      <photo path="../../../downloaded/downloaded71527668_162816928247669_4228823345141536898_n.jpg">
        <meta>
          <property name="File/ImageHeight" value="1080"/>
          <property name="File/ImageWidth" value="1080"/>
          <property name="System/FileModifyDate" value="2019:10:14 12:06:34"/>
          <property name="System/FileSize" value="181397"/>
        </meta>
      </photo>
    </camera>
    <camera camera_id="47">
      <photo path="../../../downloaded/downloaded71541792_174370937070207_6939998954633632215_n.jpg">
        <meta>
          <property name="File/ImageHeight" value="1080"/>
          <property name="File/ImageWidth" value="1080"/>
          <property name="System/FileModifyDate" value="2019:10:09 10:45:55"/>
          <property name="System/FileSize" value="173095"/>
        </meta>
      </photo>
    </camera>
    <camera camera_id="48">
      <photo path="../../../downloaded/downloaded71555196_395402877801901_7086002318902986503_n.jpg">
        <meta>
          <property name="File/ImageHeight" value="1080"/>
          <property name="File/ImageWidth" value="1080"/>
          <property name="System/FileModifyDate" value="2019:10:14 12:06:34"/>
          <property name="System/FileSize" value="190753"/>
        </meta>
      </photo>
    </camera>
    <camera camera_id="49">
      <photo path="../../../downloaded/downloaded71574219_415111552480047_6685942889846944747_n.jpg">
        <meta>
          <property name="File/ImageHeight" value="1080"/>
          <property name="File/ImageWidth" value="1080"/>
          <property name="System/FileModifyDate" value="2019:10:09 10:45:55"/>
          <property name="System/FileSize" value="250280"/>
        </meta>
      </photo>
    </camera>
    <camera camera_id="50">
      <photo path="../../../downloaded/downloaded71574999_751789098595228_2126459890997391603_n.jpg">
        <meta>
          <property name="File/ImageHeight" value="1080"/>
          <property name="File/ImageWidth" value="1080"/>
          <property name="System/FileModifyDate" value="2019:10:09 10:37:03"/>
          <property name="System/FileSize" value="224076"/>
        </meta>
      </photo>
    </camera>
    <camera camera_id="51">
      <photo path="../../../downloaded/downloaded71574999_751789098595228_2126459890997391603_n copy.jpg">
        <meta>
          <property name="File/ImageHeight" value="1080"/>
          <property name="File/ImageWidth" value="1080"/>
          <property name="System/FileModifyDate" value="2019:10:09 10:45:55"/>
          <property name="System/FileSize" value="224076"/>
        </meta>
      </photo>
    </camera>
    <camera camera_id="52">
      <photo path="../../../downloaded/downloaded71713826_424298778226101_6141659868741552365_n.jpg">
        <meta>
          <property name="File/ImageHeight" value="839"/>
          <property name="File/ImageWidth" value="1080"/>
          <property name="System/FileModifyDate" value="2019:10:09 10:45:55"/>
          <property name="System/FileSize" value="139941"/>
        </meta>
      </photo>
    </camera>
    <camera camera_id="53">
      <photo path="../../../downloaded/downloaded71714578_126463211685964_9111300777871652678_n.jpg">
        <meta>
          <property name="File/ImageHeight" value="1074"/>
          <property name="File/ImageWidth" value="1080"/>
          <property name="System/FileModifyDate" value="2019:10:09 10:45:55"/>
          <property name="System/FileSize" value="247261"/>
        </meta>
      </photo>
    </camera>
    <camera camera_id="54">
      <photo path="../../../downloaded/downloaded71776237_676038996135415_780707760478136321_n.jpg">
        <meta>
          <property name="File/ImageHeight" value="1080"/>
          <property name="File/ImageWidth" value="1080"/>
          <property name="System/FileModifyDate" value="2019:10:14 12:06:34"/>
          <property name="System/FileSize" value="202844"/>
        </meta>
      </photo>
    </camera>
    <camera camera_id="55">
      <photo path="../../../downloaded/downloaded71846642_435208224096327_1703314028901381188_n.jpg">
        <meta>
          <property name="File/ImageHeight" value="1350"/>
          <property name="File/ImageWidth" value="1080"/>
          <property name="System/FileModifyDate" value="2019:10:09 10:49:29"/>
          <property name="System/FileSize" value="206436"/>
        </meta>
      </photo>
    </camera>
    <camera camera_id="56">
      <photo path="../../../downloaded/downloaded72211546_2540244619592311_7317281095376985665_n.jpg">
        <meta>
          <property name="File/ImageHeight" value="1080"/>
          <property name="File/ImageWidth" value="1080"/>
          <property name="System/FileModifyDate" value="2019:10:09 10:45:55"/>
          <property name="System/FileSize" value="98179"/>
        </meta>
      </photo>
    </camera>
    <camera camera_id="57">
      <photo path="../../../downloaded/downloaded72257108_221252945513107_8201048218904666883_n.jpg">
        <meta>
          <property name="File/ImageHeight" value="1350"/>
          <property name="File/ImageWidth" value="1080"/>
          <property name="System/FileModifyDate" value="2019:10:09 10:49:29"/>
          <property name="System/FileSize" value="301362"/>
        </meta>
      </photo>
    </camera>
    <camera camera_id="58">
      <photo path="../../../downloaded/downloaded72257974_196932257995594_2735905442856384636_n.jpg">
        <meta>
          <property name="File/ImageHeight" value="1206"/>
          <property name="File/ImageWidth" value="1080"/>
          <property name="System/FileModifyDate" value="2019:10:09 10:49:29"/>
          <property name="System/FileSize" value="112791"/>
        </meta>
      </photo>
    </camera>
    <camera camera_id="59">
      <photo path="../../../downloaded/downloaded72281517_159456735136896_9081473296448412125_n.jpg">
        <meta>
          <property name="File/ImageHeight" value="810"/>
          <property name="File/ImageWidth" value="1080"/>
          <property name="System/FileModifyDate" value="2019:10:09 10:45:55"/>
          <property name="System/FileSize" value="173112"/>
        </meta>
      </photo>
    </camera>
    <camera camera_id="60">
      <photo path="../../../downloaded/downloaded72323484_707927949706160_6293630256069651156_n.jpg">
        <meta>
          <property name="File/ImageHeight" value="1080"/>
          <property name="File/ImageWidth" value="1080"/>
          <property name="System/FileModifyDate" value="2019:10:09 10:45:55"/>
          <property name="System/FileSize" value="90643"/>
        </meta>
      </photo>
    </camera>
    <camera camera_id="61">
      <photo path="../../../downloaded/downloaded72390702_509598419589031_2847022321718853100_n.jpg">
        <meta>
          <property name="File/ImageHeight" value="810"/>
          <property name="File/ImageWidth" value="1080"/>
          <property name="System/FileModifyDate" value="2019:10:09 10:45:55"/>
          <property name="System/FileSize" value="188031"/>
        </meta>
      </photo>
    </camera>
    <camera camera_id="62">
      <photo path="../../../downloaded/downloaded72530463_182290802934274_967965488886764845_n.jpg">
        <meta>
          <property name="File/ImageHeight" value="720"/>
          <property name="File/ImageWidth" value="1080"/>
          <property name="System/FileModifyDate" value="2019:10:09 10:45:55"/>
          <property name="System/FileSize" value="131892"/>
        </meta>
      </photo>
    </camera>
    <camera camera_id="63">
      <photo path="../../../downloaded/downloaded72574438_134213171273572_8276045473016640376_n.jpg">
        <meta>
          <property name="File/ImageHeight" value="1215"/>
          <property name="File/ImageWidth" value="1080"/>
          <property name="System/FileModifyDate" value="2019:10:09 10:45:55"/>
          <property name="System/FileSize" value="291024"/>
        </meta>
      </photo>
    </camera>
    <camera camera_id="64">
      <photo path="../../../downloaded/downloaded72620504_395825901113017_148141543781111332_n.jpg">
        <meta>
          <property name="File/ImageHeight" value="1324"/>
          <property name="File/ImageWidth" value="1080"/>
          <property name="System/FileModifyDate" value="2019:10:09 10:45:55"/>
          <property name="System/FileSize" value="293325"/>
        </meta>
      </photo>
    </camera>
    <camera camera_id="65">
      <photo path="../../../downloaded/downloaded72787996_143802296875687_1028025315336690872_n.jpg">
        <meta>
          <property name="File/ImageHeight" value="810"/>
          <property name="File/ImageWidth" value="1080"/>
          <property name="System/FileModifyDate" value="2019:10:09 10:42:42"/>
          <property name="System/FileSize" value="166595"/>
        </meta>
      </photo>
    </camera>
    <camera camera_id="66">
      <photo path="../../../downloaded/downloaded72849145_2602257579818147_7900822508442115142_n.jpg">
        <meta>
          <property name="File/ImageHeight" value="809"/>
          <property name="File/ImageWidth" value="1080"/>
          <property name="System/FileModifyDate" value="2019:10:14 12:06:34"/>
          <property name="System/FileSize" value="118219"/>
        </meta>
      </photo>
    </camera>
    <camera camera_id="67">
      <photo path="../../../downloaded/downloaded72903071_200402450984093_5842735425476621261_n.jpg">
        <meta>
          <property name="File/ImageHeight" value="1080"/>
          <property name="File/ImageWidth" value="1080"/>
          <property name="System/FileModifyDate" value="2019:10:14 12:06:34"/>
          <property name="System/FileSize" value="533730"/>
        </meta>
      </photo>
    </camera>
    <camera camera_id="68">
      <photo path="../../../downloaded/downloaded73320239_252586392333412_8299121095335251220_n.jpg">
        <meta>
          <property name="File/ImageHeight" value="674"/>
          <property name="File/ImageWidth" value="899"/>
          <property name="System/FileModifyDate" value="2019:10:14 12:06:34"/>
          <property name="System/FileSize" value="103360"/>
        </meta>
      </photo>
    </camera>
  </cameras>
  <thumbnails path="thumbnails/thumbnails.zip"/>
  <point_cloud path="point_cloud/point_cloud.zip"/>
  <depth_maps id="0" path="depth_maps/depth_maps.zip"/>
  <dense_cloud id="0" path="dense_cloud/dense_cloud.zip"/>
  <model id="0" path="model/model.zip"/>
</frame>
